-- 1. ?????(User) ??????
INSERT INTO users (email, password, user_type, user_name, preferred_language, is_active, created_at, updated_at) VALUES
('buyer1@globalcosmetics.com', 'password123', 'BUYER', 'Emily Johnson', 'en', true, NOW(), NOW()),
('seller1@kbeauty.co.kr', 'password123', 'SELLER', '??¥ì?', 'ko', true, NOW(), NOW()),
('broker1@tradepartners.com', 'password123', 'BROKER', '?????', 'ko', true, NOW(), NOW());

-- 2. HS ???(HsCode) ??????
INSERT INTO hs_codes (
  hs_code, description, us_tariff_rate, reasoning, tariff_reasoning,
  last_updated, created_at, updated_at
) VALUES 
('3304.99.50.00', 
 'Other beauty or makeup preparations and preparations for the care of the skin (serums, creams)', 
 0.1500, 
 '?? ????? ??¥ï? ???? ????? ??? ?? ?????? ???????, ??????? ??? ?????? ????????. ??33??(????)?? ?????, ?? ??????? ??3304?(??? ??? ??????? ???)?? ??? ?????? ??? ???????? ???????. ??? ?????C ????, ???? ??? ?? ??? ?????? ???????? ??? ??????? ?? ???? ?¬Ù?????. ???¬Ñ? ????(????/???)?? ??????, ??¥ï? ????? ???????? ?”³?? ?¬Ú???? ?¬Ù??? ?????? ??? ???????.',
 '?? ???????? 0%????. ????? 2025?? 8?? 7????? ????? ??? ??????? ????? ???? 15.0%?? ??? ?????? ??????, ???? ???????? 15.0%?? ???????.',
 NOW(), NOW(), NOW()),

('3307.90.00.00', 
 'Other perfumes and toilet waters', 
 0.1500, 
 '?? ????? ??? ?? ???? ???????, ??33??(????)?? ??3307?(??? ?? ????)?? ?¬Ù?????. ??????? ??? ????©£? ??? ???????, ??¥ï? ??? ??? ???? ???? ??? ?”³????. ???????, ?????¬Ù? ?? ??? ??????? ??? ??????¥ì??? ????? ??????? ?? ??? ????????. ????? ????(???), ????(????? ??? ???), ?”³(??? ?¥ï?)?? ??? ?????? ?¬Ù??? ?????? ???????.',
 '?? ???????? 0%????. ????? 2025?? 8?? 7????? ????? ??? ??????? ????? ???? 15.0%?? ??? ?????? ??????, ???? ???????? 15.0%?? ???????.',
 NOW(), NOW(), NOW()),

('2106.90.99.00', 
 'Other food preparations not elsewhere specified (ginseng extracts, dietary supplements)', 
 0.1500, 
 '?? ????? ?¥ë? ??????? ???????????? ???? ??? ???? ?¬Ù????? ??? ???? ????????. ??21??(??? ???? ????)?? ??2106??? ?????, ?? ??????? ??? ???????? ??????? ??? ??? ??????? ?¬Ù?????. ??? ?????? ???? ??? ?????? ???????? ??? ??? ?????? ?? ??? ??????, ??????????? ???? ??? ?????? ?????? ????? ???????. ???????? ??????? ?????? ??????, ??? ??? ????? ?¬Ù????? ??? ??? ?????? ?? ??? ???? ????????.',
 '?? ???????? 0%????. ????? 2025?? 8?? 7????? ????? ??? ??????? ????? ???? 15.0%?? ??? ?????? ??????, ???? ???????? 15.0%?? ???????.',
 NOW(), NOW(), NOW()),

('1904.90.00.00', 
 'Prepared foods obtained by swelling or roasting cereals (instant rice, rice cakes)', 
 0.1500, 
 '?? ????? ???? ????????? ????? ???? ???? ???????. ??19??(??, ??? ???? ?????)?? ??1904??? ?????, ?£Î??, ?? ?? ???? ??????? ??? ???? ?? ??? ?????? ????? ???????. ????? ????? ??? ?????, ??? ??? ???? ?????? ???? ?????? ???¡¤? ?????? ??? ???? ?¢®????. ?£Î???? ??? ???? ????? ???? ?? ???????, ?? ??????? ????? ????? ??????? ?¬Ù??? ?????? ??? ???????.',
 '?? ???????? 0%????. ????? 2025?? 8?? 7????? ????? ??? ??????? ????? ???? 15.0%?? ??? ?????? ??????, ???? ???????? 15.0%?? ???????.',
 NOW(), NOW(), NOW()),

('1905.90.90.00', 
 'Other bakers wares (rice snacks, crackers, cookies)', 
 0.1500, 
 '?? ????? ??, ????, ????? ?? ????¨¨?? ????? ??????, ?? ??????? ??? ???? ?¬Ù????? ??? ??? ????¨¨?? ???????. ??19???? ??1905??? ?????, ?? ????, ???¨¨, ??? ???? ???????. ??(??? ????? ?¬Ñ???)?? ?????? ??? ?????? ???? ???? ?????? ???????, ????? ????? ?¢®????. ??? ???? ?? ?????? ??? ????? ????? ???? ???? ???????, ????¨¨?? ????? ????? ????? ??????? ?? ??? ???? ????????.',
 '?? ???????? 0%????. ????? 2025?? 8?? 7????? ????? ??? ??????? ????? ???? 15.0%?? ??? ?????? ??????, ???? ???????? 15.0%?? ???????.',
 NOW(), NOW(), NOW()),

('1902.30.00.00', 
 'Other pasta (instant noodles, prepared noodle products)', 
 0.1500, 
 '?? ????? ???? ?? ??? ???????, ??19???? ??1902??? ?¬Ù?????. ?¬Ñ??? ?????? ?? ?? ????? ??????, ?£Î ???? ???? ?????? ???? ??? ???? ??? ?? ?? ????? ???????. ?¬Ñ??? ?????? ?? ???¡¤? ???????, ????? ??????? ???????, ?????? ??? ?????? ??????. ????¥ì??? ???¢¯? ???? ????(?¬Ñ??? ???? ?? ?? ???? ?? ????/???)?? ??????, ????? ????? ???? ???? ???????? ??????? ?¬Ù??? ?????? ???????.',
 '?? ???????? 0%????. ????? 2025?? 8?? 7????? ????? ??? ??????? ????? ???? 15.0%?? ??? ?????? ??????, ???? ???????? 15.0%?? ???????.',
 NOW(), NOW(), NOW()),

('2103.90.90.00', 
 'Other sauces and preparations therefor; mixed condiments and seasonings', 
 0.1500, 
 '?? ????? ???, ????? ?? ??? ???????, ??21??(??? ???? ????)?? ??2103??? ??????. ??? ???? ?¬Ù????? ??? ??? ??? ?? ??? ????? ??????, ????? ???? ???? ???? ???? ????? ???????. ????, ????, ???? ???? ????? ???????, ???? ???? ???? ????? ???? ??? ?”³????. ???? ???? ????? ???? ??????? ???? ???? ??? ???¡Æ? ???/??????? ?????? ?? ??? ???? ????????.',
 '?? ???????? 0%????. ????? 2025?? 8?? 7????? ????? ??? ??????? ????? ???? 15.0%?? ??? ?????? ??????, ???? ???????? 15.0%?? ???????.',
 NOW(), NOW(), NOW()),

('2005.99.10.00', 
 'Vegetables prepared or preserved otherwise than by vinegar (kimchi, fermented vegetables)', 
 0.1500, 
 '?? ????? ???? ????? ??????? ???????? ???? ????? ????????. ??20??(???, ???? ???? ?????)?? ??2005??? ?????, ????? ???? ??? ??? ????? ???????. ????? ???? ?????? ??? ???? ??????? ?????? ???????, ????? ????? ???? ???????? ???? ???? ?¢®????. ??? ?????? ??? ???? ??????, ????? ??? ????? ??????? ?????? ?? ???¬Ù??? ????? ?????? ?¬Ù??? ?????? ??? ???????.',
 '?? ???????? 0%????. ????? 2025?? 8?? 7????? ????? ??? ??????? ????? ???? 15.0%?? ??? ?????? ??????, ???? ???????? 15.0%?? ???????.',
 NOW(), NOW(), NOW());

 -- 3. ???(Product) ?????? - SELLER ID?? 2?? ?????(??¥ì?)
INSERT INTO products (seller_id, product_id, product_name, description, price, fob_price, origin_country, hs_code, status, is_active, created_at, updated_at) VALUES
(2, 'PROD-2024-001', 'Premium Vitamin C Serum', 
'High-concentration Vitamin C serum effective for skin tone improvement and anti-aging. Contains 20% Vitamin C and hyaluronic acid, suitable for all skin types. Volume: 30ml, glass bottle packaging, net weight: 50g. Use after toner in morning and evening skincare routine.', 
45.00, 52.00, 'KOR', '3304.99.50.00', 'APPROVED', true, NOW(), NOW()),

(2, 'PROD-2024-002', 'Hydrating Snail Cream', 
'High-moisture cream containing 92% snail secretion filtrate. Excellent for skin regeneration and hydration, safe for sensitive skin. Gel-cream texture with non-sticky finish. Volume: 50ml, plastic container, total weight: 75g. Use after toner and serum in skincare routine.', 
32.00, 38.50, 'KOR', '3304.99.50.00', 'REJECTED', true, NOW(), NOW()),

(2, 'PROD-2024-003', 'Premium Red Ginseng Extract', 
'6-year aged Korean red ginseng concentrated extract with 80mg ginsenosides per serving. Boosts energy and immunity, supports overall health. Sugar-free formula suitable for adults. Volume: 240ml (30ml x 8 pouches), individual foil packaging, net weight: 300g. Take 1 pouch daily on empty stomach.', 
85.00, 95.00, 'KOR', '2106.90.99.00', 'APPROVED', true, NOW(), NOW()),

(2, 'PROD-2024-004', 'Instant Cooked Rice Multipack', 
'Premium Korean short-grain rice, pre-cooked and packaged for convenience. Microwave-ready in 2 minutes, maintains fresh texture and taste. No preservatives added. Volume: 210g x 12 packs, vacuum-sealed packaging, total weight: 2.8kg. Heat in microwave for 2 minutes or steam for 3 minutes.', 
24.00, 28.00, 'KOR', '1904.90.00.00', 'APPROVED', true, NOW(), NOW()),

(2, 'PROD-2024-005', 'Korean Rice Snack Assorted Pack', 
'Traditional Korean rice snacks made with organic brown rice and seasoned with natural ingredients. Crispy texture with savory taste. Contains original, seaweed, and chili flavors. Volume: 150g (50g x 3 packs), resealable packaging, total weight: 200g. Ready to eat, store in cool dry place.', 
18.50, 22.00, 'KOR', '1905.90.90.00', 'PENDING_REVIEW', true, NOW(), NOW()),

(2, 'PROD-2024-006', 'Premium Instant Ramyeon 4-Pack', 
'Korean-style instant noodles with rich beef bone broth and chewy noodles. Medium spicy level suitable for most palates. Contains dried vegetables and seasoning powder. Volume: 120g x 4 packs, individual packaging, total weight: 600g. Cook in boiling water for 4-5 minutes.', 
12.00, 15.50, 'KOR', '1902.30.00.00', 'APPROVED', true, NOW(), NOW()),

(2, 'PROD-2024-007', 'Korean BBQ Seasoning Mix', 
'Traditional Korean barbecue seasoning blend with soy sauce, garlic, and sesame. Perfect for marinating beef, pork, or chicken. No MSG added, all-natural ingredients. Volume: 200g powder form, resealable pouch, total weight: 230g. Mix with meat 30 minutes before cooking for best flavor.', 
15.00, 18.50, 'KOR', '2103.90.90.00', 'DRAFT', true, NOW(), NOW()),

(2, 'PROD-2024-008', 'Fermented Cabbage Kimchi', 
'Authentic Korean napa cabbage kimchi fermented with traditional recipe. Probiotic-rich with balanced spicy and sour taste. Made with Korean chili powder and fish sauce. Volume: 500g glass jar, refrigerated storage required, total weight: 700g. Consume within 2 weeks of opening, store refrigerated.', 
22.00, 26.00, 'KOR', '2005.99.10.00', 'APPROVED', true, NOW(), NOW()),

(2, 'PROD-2024-009', 'Spicy Radish Kimchi (Kkakdugi)', 
'Traditional Korean cubed radish kimchi with authentic fermented taste. Crunchy texture with medium spiciness level. Rich in probiotics and vitamins. Volume: 400g plastic container, refrigerated storage required, total weight: 500g. Best consumed within 10 days of opening, keep refrigerated.', 
18.00, 21.50, 'KOR', '2005.99.10.00', 'APPROVED', true, NOW(), NOW()),

(2, 'PROD-2024-010', 'Rose Garden Perfume 50ml', 
'Floral eau de parfum featuring complex olfactory composition with top notes of Bulgarian rose petals and French peony, middle notes of jasmine sambac and lily-of-the-valley, base notes of white musk and sandalwood. Fragrance concentration: 15% aromatic compounds in ethyl alcohol (75% vol.) and purified water base. Primary aromatic molecules: phenylethyl alcohol (rose), linalool (floral), geraniol (rose-geranium), citronellol (citrus-rose), benzyl alcohol (sweet floral). Manufacturing process involves CO2 extraction and steam distillation of natural botanicals combined with synthetic aromatic molecules for consistency and longevity. Longevity: 6-8 hours on skin with moderate to strong projection (arm''s length) for first 2 hours. pH balanced at 6.5-7.0 for skin compatibility. Volume: 50ml in UV-protective cobalt blue glass bottle with precision spray atomizer, total weight: 150g. Application: 2-3 sprays on pulse points (neck, wrists) from 15cm distance. Not recommended for sensitive skin or pregnant women. Contains potential allergens: linalool, geraniol, citronellol, benzyl alcohol as per EU regulations.', 
65.00, 75.00, 'KOR', '3307.90.00.00', 'DRAFT', true, NOW(), NOW());

-- 4. ?¬Þ? ?(AnalysisQueue) ?????? - ???¥ï? ??? ?????? ???????? ??????? ?¬Þ? ?????
INSERT INTO analysis_queue (product_id, analysis_types, status, priority, scheduled_at, started_at, completed_at, error_message, retry_count) VALUES 
(1, '["tariff_1qty", "tariff_10qty", "requirements", "precedents"]', 'COMPLETED', 1, NOW() - INTERVAL '6 days', NOW() - INTERVAL '6 days', NOW() - INTERVAL '5 days', null, 0),
(2, '["tariff_1qty", "tariff_10qty", "requirements", "precedents"]', 'COMPLETED', 2, NOW() - INTERVAL '7 days', NOW() - INTERVAL '7 days', NOW() - INTERVAL '6 days', null, 0),
(3, '["tariff_1qty", "tariff_10qty", "requirements", "precedents"]', 'COMPLETED', 1, NOW() - INTERVAL '5 days', NOW() - INTERVAL '5 days', NOW() - INTERVAL '4 days', null, 0),
(4, '["tariff_1qty", "tariff_10qty", "requirements", "precedents"]', 'COMPLETED', 1, NOW() - INTERVAL '4 days', NOW() - INTERVAL '4 days', NOW() - INTERVAL '3 days', null, 0),
(5, '["requirements", "precedents"]', 'FAILED', 3, NOW() - INTERVAL '3 days', NOW() - INTERVAL '3 days', null, 'Insufficient organic certification data for rice snack analysis - missing USDA organic verification documents', 2),
(6, '["tariff_1qty", "tariff_10qty", "requirements", "precedents"]', 'COMPLETED', 1, NOW() - INTERVAL '2 days', NOW() - INTERVAL '2 days', NOW() - INTERVAL '1 days', null, 0),
(7, '["requirements", "precedents"]', 'FAILED', 2, NOW() - INTERVAL '4 hours', NOW() - INTERVAL '3 hours', null, 'Insufficient data for MSG-free claim analysis - missing detailed ingredient composition and testing certificates', 1),
(8, '["tariff_1qty", "tariff_10qty", "requirements", "precedents"]', 'COMPLETED', 1, NOW() - INTERVAL '8 days', NOW() - INTERVAL '8 days', NOW() - INTERVAL '7 days', null, 0),
(9, '["tariff_1qty", "requirements"]', 'COMPLETED', 2, NOW() - INTERVAL '1 days', NOW() - INTERVAL '1 days', NOW() - INTERVAL '20 hours', null, 0),
(9, '["tariff_10qty", "precedents"]', 'PROCESSING', 2, NOW() - INTERVAL '1 days', NOW() - INTERVAL '4 hours', null, null, 0),
(10, '["tariff_1qty", "tariff_10qty", "requirements", "precedents"]', 'PENDING', 4, NOW() + INTERVAL '5 minutes', null, null, null, 0),
(7, '["tariff_1qty", "tariff_10qty"]', 'PENDING', 3, NOW() + INTERVAL '15 minutes', null, null, null, 0),
(5, '["tariff_1qty", "tariff_10qty"]', 'PENDING', 3, NOW() + INTERVAL '30 minutes', null, null, null, 0);

-- 5. ??? ?¬Þ? ©¦??(ProductAnalysisCache) ?????? - ???? ??? ?????? ??? ?? ???
INSERT INTO product_analysis_cache (product_id, analysis_type, analysis_result, sources, confidence_score, is_valid, created_at, updated_at) VALUES
-- PROD-2024-001 (?????C ????, APPROVED) - ??? ?¬Þ? ????
(1, 'hs_code', '{"hsCode": "3304.99.50.00", "classification": "??? ??? ??? ??????? ???", "description": "???????¢® ????? ????"}'::jsonb, '["https://www.usitc.gov/tata/hts/bychapter/index.htm", "https://www.fda.gov/cosmetics/cosmetics-laws-regulations"]'::jsonb, 0.95, true, NOW() - INTERVAL '6 days', NOW() - INTERVAL '6 days'),
(1, 'tariff_1qty', '{"quantity": 1, "unit_price": 45.00, "fob_price": 52.00, "tariff_rate": 0.1500, "tariff_amount": 7.80, "total_cost": 59.80, "retaliatory_tariff": true}'::jsonb, '["https://ustr.gov/trade-agreements/retaliatory-measures", "https://www.usitc.gov/tata/hts/bychapter/index.htm"]'::jsonb, 0.98, true, NOW() - INTERVAL '6 days', NOW() - INTERVAL '6 days'),
(1, 'tariff_10qty', '{"quantity": 10, "unit_price": 45.00, "fob_price": 52.00, "total_value": 520.00, "tariff_amount": 78.00, "total_cost": 598.00, "retaliatory_tariff": true}'::jsonb, '["https://ustr.gov/trade-agreements/retaliatory-measures", "https://www.cbp.gov/trade/priority-issues/trade-agreements"]'::jsonb, 0.98, true, NOW() - INTERVAL '6 days', NOW() - INTERVAL '6 days'),
(1, 'requirements', '{"critical_actions": ["??????? 15% ???????? ???? ????? ????? ???", "FDA ???? ?????? ??? ???", "VCRP ????? ??? ????"], "required_documents": ["L-Ascorbic Acid 20% ?? ?????? (??3?? ?¬Þ????)", "pH 3.5-4.0 ?????? ???? ???", "??? ???? ???? ??????", "??? ?? FDA 21 CFR 701 ??? ??¥ì?"], "compliance_steps": ["1???: FDA ?????? ?? ??¥é?? ???", "2???: ???? ?????? ???? ???", "3???: ??? ???? ?? ????", "4???: ??????? ??? ???? ????"], "timeline": "?? 4-6?? ???"}'::jsonb, '["https://www.fda.gov/cosmetics/cosmetics-laws-regulations", "https://www.ecfr.gov/current/title-21/chapter-I/subchapter-G/part-701"]'::jsonb, 0.97, true, NOW() - INTERVAL '6 days', NOW() - INTERVAL '6 days'),
(1, 'precedents', '{"success_cases": ["2024?? 4?? ????? ???? ???? - ?? ???? ?? ?????? ???? ???? ???", "2023?? 12?? ??????????? ???? ???? - pH ???? ?? ???? ?????? ????? ??? ????? ????"], "failure_cases": ["2024?? 2?? ?????C ???? ??? - ?? ???? ???????? ???", "2024?? 1?? ???????¢® ???? ???? - pH ??????????? ??? ???? ??"], "actionable_insights": ["?????C ??? ???? HPLC ?¬Þ??????? ????", "pH ???????? 6???? ??? ??? ???? ???", "???????¢® ????? ?? ?????? ?????? ???"], "risk_factors": ["????????? ???? ???? ??? 15%", "???? ??? ??? ???? ????? ????"]}'::jsonb, '["https://www.trade.gov/country-commercial-guides/south-korea-cosmetics", "https://www.fda.gov/cosmetics/cosmetics-science-research"]'::jsonb, 0.88, true, NOW() - INTERVAL '6 days', NOW() - INTERVAL '6 days'),

-- PROD-2024-002 (?????? ???, REJECTED) - ??? ?¬Þ? ????
(2, 'hs_code', '{"hsCode": "3304.99.50.00", "classification": "??? ??? ??? ??????? ???", "description": "???? ?? ??? ??? ???"}'::jsonb, '["https://www.usitc.gov/tata/hts/bychapter/index.htm", "https://www.fda.gov/cosmetics/cosmetics-laws-regulations"]'::jsonb, 0.94, true, NOW() - INTERVAL '7 days', NOW() - INTERVAL '7 days'),
(2, 'tariff_1qty', '{"quantity": 1, "unit_price": 32.00, "fob_price": 38.50, "tariff_rate": 0.0000, "tariff_amount": 0.00, "total_cost": 38.50}'::jsonb, '["https://ustr.gov/trade-agreements/free-trade-agreements/korus-fta", "https://www.usitc.gov/tata/hts/bychapter/index.htm"]'::jsonb, 0.98, true, NOW() - INTERVAL '7 days', NOW() - INTERVAL '7 days'),
(2, 'tariff_10qty', '{"quantity": 10, "unit_price": 32.00, "fob_price": 38.50, "total_value": 385.00, "tariff_amount": 0.00, "total_cost": 385.00}'::jsonb, '["https://ustr.gov/trade-agreements/free-trade-agreements/korus-fta", "https://www.cbp.gov/trade/priority-issues/trade-agreements"]'::jsonb, 0.98, true, NOW() - INTERVAL '7 days', NOW() - INTERVAL '7 days'),
(2, 'requirements', '{"critical_actions": ["???? ??? ???? ?????? ????", "??? ??? ????? ??? ?????? ???"], "required_documents": ["?????? ?¬Ü? ?????? 92% ?? ??????", "??????????? 3% ?????? ????", "?????? 0.04% ??? ???? ???", "??? ??? ????? ?????? ???", "???? ???? ??? ??¨¨???? ???? ??????", "????? ??? ??????? ????"], "compliance_steps": ["1???: ???? ???? ?¬Ù? ???? ?????", "2???: ???? ???? ?????? ??? ????", "3???: ???? ????? ??? ?????? ???"], "timeline": "????? ?? ??? ?????? ????? 8-12?? ???", "broker_rejection_reason": "HS??? ?¬Ù? ???? ?? ???? ????? ??? ????"}'::jsonb, '["https://www.fda.gov/cosmetics/cosmetics-laws-regulations", "https://www.fda.gov/cosmetics/cosmetics-science-research/safety-substantiation-cosmetic-products"]'::jsonb, 0.95, true, NOW() - INTERVAL '7 days', NOW() - INTERVAL '7 days'),
(2, 'precedents', '{"success_cases": ["2024?? 6?? ??? ??? ???? - ???? ???? ?? ???? ?? ??? ??????? ?????", "2024?? 3?? ?????? ?????? ???? - ?????? ?? ?? ?????? ?????? ???"], "failure_cases": ["2024?? 5?? ???? ??????? ??? ??? - ???? ????? ???? ???", "2024?? 4?? ????? ??? ????? - ??? ?????? ???????? ????"], "actionable_insights": ["?????? ???? 90% ??? ?? ???? ???????? ?¬Ù?", "??? ??? ??????? ???? ??? ???? ???? ???", "??????????? 3% ??? ?? ?????? ??? ???? ???"], "risk_factors": ["???¨¨ ?????? ???? ??? ????", "??? ?????? ??? ???"], "recommended_action": "???? ????? ??? ??? ??? ?????? ??? ???? ???"}'::jsonb, '["https://www.trade.gov/country-commercial-guides/south-korea-cosmetics", "https://www.kotra.or.kr/kbc/site/main/selectTradeKbcMain.do"]'::jsonb, 0.89, true, NOW() - INTERVAL '7 days', NOW() - INTERVAL '7 days'),

-- PROD-2024-003 (??? ?????, APPROVED) - ??? ?¬Þ? ????
(3, 'hs_code', '{"hsCode": "2106.90.99.00", "classification": "??? ???? ????", "description": "?¥ë? ???? ?? ??????????"}'::jsonb, '["https://www.usitc.gov/tata/hts/bychapter/index.htm", "https://www.fda.gov/food/dietary-supplements"]'::jsonb, 0.97, true, NOW() - INTERVAL '5 days', NOW() - INTERVAL '5 days'),
(3, 'tariff_1qty', '{"quantity": 1, "unit_price": 85.00, "fob_price": 95.00, "tariff_rate": 0.0000, "tariff_amount": 0.00, "total_cost": 95.00, "korus_benefit": true}'::jsonb, '["https://ustr.gov/trade-agreements/free-trade-agreements/korus-fta", "https://www.usitc.gov/tata/hts/bychapter/index.htm"]'::jsonb, 0.98, true, NOW() - INTERVAL '5 days', NOW() - INTERVAL '5 days'),
(3, 'tariff_10qty', '{"quantity": 10, "unit_price": 85.00, "fob_price": 95.00, "total_value": 950.00, "tariff_amount": 0.00, "total_cost": 950.00, "korus_benefit": true}'::jsonb, '["https://ustr.gov/trade-agreements/free-trade-agreements/korus-fta", "https://www.cbp.gov/trade/priority-issues/trade-agreements"]'::jsonb, 0.98, true, NOW() - INTERVAL '5 days', NOW() - INTERVAL '5 days'),
(3, 'requirements', '{"critical_actions": ["FDA ???????? ??? ???? (???? 2-8?©£? ??)", "cGMP ???????? ?? ??? ???", "??? ???? ??? FDA ???? ??? ???"], "required_documents": ["?????????? 80mg ??? ?¬Þ??? (??3?? ???????)", "6??? ??? ??????", "cGMP ??? ??????", "?????????? ?? HACCP ?????", "??????? ??? ??? ???"], "compliance_steps": ["1???: FDA ?????? ??? ?? SID ??? ???", "2???: DSHEA ??? ?? ???", "3???: ???????? ????? ???", "4???: ???? ?? Prior Notice ????"], "timeline": "?? 6-8?? ???", "critical_deadline": "???????? ?????? ?? 100% ???? ???"}'::jsonb, '["https://www.fda.gov/food/dietary-supplements", "https://www.ecfr.gov/current/title-21/chapter-I/subchapter-B/part-111"]'::jsonb, 0.96, true, NOW() - INTERVAL '5 days', NOW() - INTERVAL '5 days'),
(3, 'precedents', '{"success_cases": ["2024?? 5?? ???©§?? ???? - ?????????? ??? ??? ??? ?? cGMP ???????? ???", "2024?? 3?? ?¥ë??? ???? - ???????? ??? ?? ?????? ??????? ??????? ????"], "failure_cases": ["2024?? 4?? ?¥ë????? ??? - ???????? ???????? ??? ???", "2024?? 2?? ????? ???? - ??????? ????? ???????? ?? ???? ??"], "actionable_insights": ["?????????? ????? HPLC ?¬Þ??????? ???? ???", "??????? ????? ''supports immune system'' ?? FDA ???? ??? ???", "?????????? ??????? ??? ?©£? ??? (??? 4?©£?, ??? 8?©£?)"], "risk_factors": ["???????? ???? ?? ??? ???? ???", "??????? ???? ??? ?? ??? ????"]}'::jsonb, '["https://www.trade.gov/country-commercial-guides/south-korea-food-processing", "https://www.fda.gov/food/dietary-supplements/dietary-supplement-health-and-education-act-1994"]'::jsonb, 0.89, true, NOW() - INTERVAL '5 days', NOW() - INTERVAL '5 days'),

-- PROD-2024-004 (?£Î??, APPROVED) - ??? ?¬Þ? ????
(4, 'hs_code', '{"hsCode": "1904.90.00.00", "classification": "??? ??? ???? ?? ?????", "description": "?£Î ???? ?? ???"}'::jsonb, '["https://www.usitc.gov/tata/hts/bychapter/index.htm", "https://www.fda.gov/food/food-safety-modernization-act-fsma"]'::jsonb, 0.99, true, NOW() - INTERVAL '4 days', NOW() - INTERVAL '4 days'),
(4, 'tariff_1qty', '{"quantity": 1, "unit_price": 24.00, "fob_price": 28.00, "tariff_rate": 0.0000, "tariff_amount": 0.00, "total_cost": 28.00, "korus_benefit": true}'::jsonb, '["https://ustr.gov/trade-agreements/free-trade-agreements/korus-fta", "https://www.usitc.gov/tata/hts/bychapter/index.htm"]'::jsonb, 0.98, true, NOW() - INTERVAL '4 days', NOW() - INTERVAL '4 days'),
(4, 'tariff_10qty', '{"quantity": 10, "unit_price": 24.00, "fob_price": 28.00, "total_value": 280.00, "tariff_amount": 0.00, "total_cost": 280.00, "korus_benefit": true}'::jsonb, '["https://ustr.gov/trade-agreements/free-trade-agreements/korus-fta", "https://www.cbp.gov/trade/priority-issues/trade-agreements"]'::jsonb, 0.98, true, NOW() - INTERVAL '4 days', NOW() - INTERVAL '4 days'),
(4, 'requirements', '{"critical_actions": ["FDA ???????? ????", "??????? ???? ???", "???ÌÀ?? ??? ???"], "required_documents": ["???ÌÀ?? ?¬Þ??? (150kcal/100g, ????? 2.5g)", "??????? ?????? (??????? ????)", "?????? ?????? (121??C, 15??)", "?????? FDA ???¥ì? (???? ???? ?????)", "??????? ?????? ???? (12????)"], "compliance_steps": ["1???: FDA ?????? ???", "2???: ??? ???? ???? ?? ?????", "3???: ???ÌÀ?? ???? ?? ?? ???", "4???: ???????? ????? ???"], "timeline": "?? 3-4?? ???", "quality_standards": "??????? 65% ????, ????? ???? ????"}'::jsonb, '["https://www.fda.gov/food/food-safety-modernization-act-fsma", "https://www.ecfr.gov/current/title-21/chapter-I/subchapter-B/part-101"]'::jsonb, 0.97, true, NOW() - INTERVAL '4 days', NOW() - INTERVAL '4 days'),
(4, 'precedents', '{"success_cases": ["2024?? 7?? ????? ???? - ??????? ???? ?? ??????? ??????? ???", "2024?? 5?? ??? ???? - ?????? ?????? ???????? ????"], "failure_cases": ["2024?? 6?? ????? ???? - ?????? ?????? ???? ???????? ??? ????", "2024?? 4?? ????? ??? - ??????? ???? ??? ????"], "actionable_insights": ["??? ?????? 121??C 15?? ??? ???", "??????? ??? ?? 20ppm ???? ???? ???", "??????? ?????? ??????? 12???? ??? ????"], "risk_factors": ["?????? ?????? ???? ????", "??????? ???? ??? ????"], "recommended_action": "?????? FDA ???? ?ÄØ ???"}'::jsonb, '["https://www.trade.gov/country-commercial-guides/south-korea-food-processing", "https://www.fda.gov/food/food-additives-petitions/food-additive-status-list"]'::jsonb, 0.94, true, NOW() - INTERVAL '4 days', NOW() - INTERVAL '4 days'),

-- PROD-2024-006 (?£Î???, APPROVED) - ??? ?¬Þ? ????
(6, 'hs_code', '{"hsCode": "1902.30.00.00", "classification": "??? ????", "description": "?£Î ??? ?? ???? ???"}'::jsonb, '["https://www.usitc.gov/tata/hts/bychapter/index.htm", "https://www.fda.gov/food/food-safety-modernization-act-fsma"]'::jsonb, 0.98, true, NOW() - INTERVAL '2 days', NOW() - INTERVAL '2 days'),
(6, 'tariff_1qty', '{"quantity": 1, "unit_price": 12.00, "fob_price": 15.50, "tariff_rate": 0.0000, "tariff_amount": 0.00, "total_cost": 15.50, "korus_benefit": true}'::jsonb, '["https://ustr.gov/trade-agreements/free-trade-agreements/korus-fta", "https://www.usitc.gov/tata/hts/bychapter/index.htm"]'::jsonb, 0.98, true, NOW() - INTERVAL '2 days', NOW() - INTERVAL '2 days'),
(6, 'tariff_10qty', '{"quantity": 10, "unit_price": 12.00, "fob_price": 15.50, "total_value": 155.00, "tariff_amount": 0.00, "total_cost": 155.00, "korus_benefit": true}'::jsonb, '["https://ustr.gov/trade-agreements/free-trade-agreements/korus-fta", "https://www.cbp.gov/trade/priority-issues/trade-agreements"]'::jsonb, 0.98, true, NOW() - INTERVAL '2 days', NOW() - INTERVAL '2 days'),
(6, 'requirements', '{"critical_actions": ["????? ???? ???? ??? ???? ??? ????? ?????? ???? ???", "FDA ???????? ????", "????? ????? ??? ???"], "required_documents": ["????? ???? ???? ??¥ì? ??? ????? ????? ??? ??????", "????? 1,890mg ??? ?¬Þ???", "????? 13.2% ??????? ??? ??¥ì?", "???ÌÀ??? FDA 21 CFR 101 ???"], "compliance_steps": ["1???: ????? ???? ???? ???? (CRITICAL)", "2???: ??? ???? ???? ?? ????", "3???: ?????? ??? ????¬Þ?", "4???: ?? ????? ?? FDA ????"], "timeline": "??? ???? ???? 8-12?? ???", "critical_warning": "????? ???? ???? ?? USDA?? ???? 100% ?¬Ù? ?? ??????"}'::jsonb, '["https://www.fda.gov/food/food-safety-modernization-act-fsma", "https://www.aphis.usda.gov/aphis/ourfocus/animalhealth/animal-and-animal-product-import-information"]'::jsonb, 0.96, true, NOW() - INTERVAL '2 days', NOW() - INTERVAL '2 days'),
(6, 'precedents', '{"success_cases": ["2024?? 6?? ?????? ???? - ????? ???? ???? ?? ????? ?????? ??????? ???", "2024?? 4?? ????? ???? - ??????? ????? ???? ??????? ???????? ????"], "failure_cases": ["2024?? 7?? ??????? ???? ??? - ????? ???? ???????? USDA ?¬Ù?", "2024?? 5?? ???????? ??? - ??? ???? ????? ???? ????"], "actionable_insights": ["????? ?????/??? ?????? ?? ????? ???? ???? ???", "?????? ????, ??©ª?, ?? ???? ??? ????", "????? ??? ????? ????? ??©ª? ??? ????????"], "risk_factors": ["????? ???? ???? ?? 100% ?¬Ù?", "??? ???? ???? ???? ?????? ???"], "recommended_action": "??? ??? ???? ???? ????"}'::jsonb, '["https://www.trade.gov/country-commercial-guides/south-korea-food-processing", "https://www.aphis.usda.gov/aphis/ourfocus/animalhealth"]'::jsonb, 0.91, true, NOW() - INTERVAL '2 days', NOW() - INTERVAL '2 days'),

-- PROD-2024-008 (??????, APPROVED) - ??? ?¬Þ? ????
(8, 'hs_code', '{"hsCode": "2005.99.10.00", "classification": "??? ???? ???? ???", "description": "??? ??? ?? ?????"}'::jsonb, '["https://www.usitc.gov/tata/hts/bychapter/index.htm", "https://www.fda.gov/food/food-safety-modernization-act-fsma"]'::jsonb, 0.97, true, NOW() - INTERVAL '8 days', NOW() - INTERVAL '8 days'),
(8, 'tariff_1qty', '{"quantity": 1, "unit_price": 22.00, "fob_price": 26.00, "tariff_rate": 0.0000, "tariff_amount": 0.00, "total_cost": 26.00, "korus_benefit": true}'::jsonb, '["https://ustr.gov/trade-agreements/free-trade-agreements/korus-fta", "https://www.usitc.gov/tata/hts/bychapter/index.htm"]'::jsonb, 0.98, true, NOW() - INTERVAL '8 days', NOW() - INTERVAL '8 days'),
(8, 'tariff_10qty', '{"quantity": 10, "unit_price": 22.00, "fob_price": 26.00, "total_value": 260.00, "tariff_amount": 0.00, "total_cost": 260.00, "korus_benefit": true}'::jsonb, '["https://ustr.gov/trade-agreements/free-trade-agreements/korus-fta", "https://www.cbp.gov/trade/priority-issues/trade-agreements"]'::jsonb, 0.98, true, NOW() - INTERVAL '8 days', NOW() - INTERVAL '8 days'),
(8, 'requirements', '{"critical_actions": ["HARPC ????? ??? ?? ????", "???? ???? ??? ????", "??????? ??????? ???"], "required_documents": ["??????? ?????? (pH 3.8-4.2 ???? ????)", "????? ?? ??? (1??10^8 CFU/g ???)", "?„’???? ????????? (21 CFR 114)", "???????? ???????? (0-4??C ????)", "??? ??????? ??? ??¥ì?"], "compliance_steps": ["1???: HARPC ??? ???? ?? FDA ????", "2???: ??? ???? ???? ?? ?????", "3???: ???? ???? ????? ????", "4???: ??? ??? ??????? ???"], "timeline": "?? 4-6?? ???", "cold_chain_requirement": "?? ???? 0-4??C ???? ???? ???"}'::jsonb, '["https://www.fda.gov/food/food-safety-modernization-act-fsma", "https://www.ecfr.gov/current/title-21/chapter-I/subchapter-B/part-114"]'::jsonb, 0.95, true, NOW() - INTERVAL '8 days', NOW() - INTERVAL '8 days'),
(8, 'precedents', '{"success_cases": ["2024?? 8?? ?????? ???? - HARPC ??? ??? ?? ???????????? ???", "2024?? 6?? ???? ???? - pH ???? ?????? ???????? ????"], "failure_cases": ["2024?? 7?? ?????? ???? - pH ????????? ??? ??????? ???? ??", "2024?? 5?? ??¥á? ??? - ???????? ??????? ??? ??? ???"], "actionable_insights": ["pH?? ???? 3.8-4.2 ???? ??????? ?????? ????", "???????? ??? ?? ??? ???????? ??? ??? ????", "??????? ?? ??? ?????? ???? ??????? ???"], "risk_factors": ["???????? ???? ?? ??? ???", "pH ???? ???? ?? ??????? ????"], "recommended_action": "???? ???? ?????? ?ÄØ ????"}'::jsonb, '["https://www.trade.gov/country-commercial-guides/south-korea-food-processing", "https://www.fda.gov/food/hazard-analysis-critical-control-point-haccp"]'::jsonb, 0.87, true, NOW() - INTERVAL '8 days', NOW() - INTERVAL '8 days'),

-- PROD-2024-009 (??¥á?, ??? ?¬Þ? ????) - tariff_1qty, requirements?? ???
(9, 'hs_code', '{"hsCode": "2005.99.10.00", "classification": "??? ???? ???? ???", "description": "??? ?? ???"}'::jsonb, '["https://www.usitc.gov/tata/hts/bychapter/index.htm", "https://www.fda.gov/food/food-safety-modernization-act-fsma"]'::jsonb, 0.96, true, NOW() - INTERVAL '1 day', NOW() - INTERVAL '1 day'),
(9, 'tariff_1qty', '{"quantity": 1, "unit_price": 18.00, "fob_price": 21.50, "tariff_rate": 0.0000, "tariff_amount": 0.00, "total_cost": 21.50, "korus_benefit": true}'::jsonb, '["https://ustr.gov/trade-agreements/free-trade-agreements/korus-fta", "https://www.usitc.gov/tata/hts/bychapter/index.htm"]'::jsonb, 0.98, true, NOW() - INTERVAL '20 hours', NOW() - INTERVAL '20 hours'),
(9, 'requirements', '{"critical_actions": ["2cm ??? ??? ????", "????? ???? 1,200-1,800 SHU ????", "???? ???? ??? ???"], "required_documents": ["?? ??? ??? ???? (2cm ??0.2cm)", "???? ????? ???? ??????", "?????? ????? (4-8??C)", "????? ??? (????? 5??10^7 CFU/g ???)", "??? ??????? ??? (?????? ????)"], "compliance_steps": ["1???: ?? ???? ??? ????", "2???: ???? ???? ?????? ????", "3???: ??? ??? ???? ????? ????", "4???: ??????? ?????"], "timeline": "?¥ê? ?¬Þ? ?? - ??? 2-3?? ??? ????", "pending_analysis": "10?? ???? ???? ?? ??? ?¬Þ? ???? ??"}'::jsonb, '["https://www.fda.gov/food/food-safety-modernization-act-fsma", "https://www.ecfr.gov/current/title-21/chapter-I/subchapter-B/part-114"]'::jsonb, 0.94, true, NOW() - INTERVAL '20 hours', NOW() - INTERVAL '20 hours');

-- 6. ???¨¨ ????(BrokerReview) ?????? - AI ?¬Þ? ???? ????? ???¨¨ ???? ???
INSERT INTO broker_reviews (product_id, broker_id, review_status, review_comment, suggested_hs_code, requested_at, reviewed_at, created_at, updated_at) VALUES 
-- PROD-2024-001 (?????C ????, APPROVED) - ????, ???? ????
(1, 3, 'APPROVED', 'AI ?¬Þ? ??? ???? ???. 20% L-Ascorbic Acid ???? ?????C ?????? HS ??? ?¬Ù??? FDA ???? ??? ???????? ?????? ???????????. pH 3.5-4.0 ?????? ?????? ??? ?????? ?????????????.', null, NOW() - INTERVAL '6 days', NOW() - INTERVAL '5 days', NOW() - INTERVAL '6 days', NOW() - INTERVAL '5 days'),

-- PROD-2024-002 (?????? ???, REJECTED) - HS??? ?¬Ù? ?????? ????
(2, 3, 'REJECTED', 'HS ??? ?¬Ù? ????. ?????? ?¬Ü? ?????? 92% ???? ?? Niacinamide 3%, Adenosine 0.04% ?? ???? ???? ?????? ?????? ??-??? ????ƒr?? ????? ??? ???? ????? ??? ??? ???? ?????? ??????? ?¬Ù????? ????. ??? ??? ????? ?? ???? ???? ??? ??????? ???? ??¬Ù? ???.', '3304.99.50.00', NOW() - INTERVAL '7 days', NOW() - INTERVAL '6 days', NOW() - INTERVAL '7 days', NOW() - INTERVAL '6 days'),

-- PROD-2024-003 (??? ?????, APPROVED) - ????, ???? ????
(3, 3, 'APPROVED', '6??? ??? ??????? AI ?¬Þ? ???? ???. ?????????? 80mg ??? ?? DSHEA ??? ???????? ????? ???????????. ?????????????¥ì??? cGMP ??? ???? ??? ???? ??? ????? ????????.', null, NOW() - INTERVAL '5 days', NOW() - INTERVAL '4 days', NOW() - INTERVAL '5 days', NOW() - INTERVAL '4 days'),

-- PROD-2024-004 (?£Î??, APPROVED) - ????, ???? ????
(4, 3, 'APPROVED', null, null, NOW() - INTERVAL '4 days', NOW() - INTERVAL '3 days', NOW() - INTERVAL '4 days', NOW() - INTERVAL '3 days'),

-- PROD-2024-006 (?£Î???, APPROVED) - ????, ???? ????
(6, 3, 'APPROVED', '??????? ?£Î??? 4???? ?¬Þ? ???? ???. ????? 13.2% ???, ????? 1,890mg ??? ?? ??????? ???? ???(?????, ???, ??????) ??©£? ????? ?????????????. FDA ???????? ?? ??????? ?????? ???? ???.', null, NOW() - INTERVAL '2 days', NOW() - INTERVAL '1 day', NOW() - INTERVAL '2 days', NOW() - INTERVAL '1 day'),

-- PROD-2024-008 (??????, APPROVED) - ????, ???? ????  
(8, 3, 'APPROVED', '???? ???????? AI ?¬Þ? ???? ???. pH 3.8-4.2 ?????? ??? ????, ????? ?? 1??10^8 CFU/g ?? HARPC ??? ???????? ?????? ???????????. ??? ????(???????) ??????? ???? ???????.', null, NOW() - INTERVAL '8 days', NOW() - INTERVAL '7 days', NOW() - INTERVAL '8 days', NOW() - INTERVAL '7 days'),

-- PROD-2024-009 (??¥á?, PENDING) - ???? ?? (??? ?¬Þ??? ????)
(9, 3, 'PENDING', null, null, NOW() - INTERVAL '1 day', null, NOW() - INTERVAL '1 day', NOW() - INTERVAL '1 day');

-- 7. ??? ????(ChatSession) ?????? - ?????/?????? ??? ?¡À¥ï°P ????
INSERT INTO chat_sessions (user_id, session_type, language, status, session_data, created_at, updated_at) VALUES 
-- Session 1: ????? - ???? ??? ???? ???? (???)
(2, 'SELLER_PRODUCT_INQUIRY', 'ko', 'COMPLETED', '{"flow_type": "HS_CODE", "product_id": "PROD-2024-003", "product_name": "Premium Red Ginseng Extract", "inquiry_type": "tariff", "quantity": 50, "step_current": "awaiting_user_response", "last_activity": "2024-09-04T12:45:00Z"}', NOW() - INTERVAL '3 hours', NOW() - INTERVAL '3 hours'),

-- Session 2: ????? - ???? ??? ??? ???? (??? ????)
(2, 'SELLER_PRODUCT_INQUIRY', 'ko', 'ACTIVE', '{"flow_type": "PRECEDENTS", "product_id": "PROD-2024-006", "product_name": "Premium Instant Ramyeon 4-Pack", "inquiry_type": "precedents", "step_current": "awaiting_additional_info", "step_completed": "initial_requirements_provided", "user_question": "????? ????? ?????? ???? ?? ???? ?????", "context": "sodium_content_concern", "next_expected_input": "nutritional_labeling_requirements", "last_activity": "2024-09-04T15:45:00Z"}', NOW() - INTERVAL '15 minutes', NOW()),

-- Session 3: ?????? - ????? ??? ???? (??? ????)
(1, 'BUYER_PURCHASE_INQUIRY', 'en', 'ACTIVE', '{"flow_type": "REQUIREMENTS", "product_id": "PROD-2024-002", "product_name": "Hydrating Snail Cream", "inquiry_types": ["requirements", "precedents"], "step_completed": "comprehensive_answer_provided", "user_satisfied": true}', NOW() - INTERVAL '1 hour', NOW() - INTERVAL '1 hour'),

-- Session 4: ?????? - ?????? ???? ???? ????
(1, 'BUYER_PURCHASE_INQUIRY', 'en', 'FAILED', '{"flow_type": null, "product_mentioned": "Premium Body Lotion", "error_type": "product_not_found", "error_message": "Could not identify product from user input - product not in catalog", "retry_count": 2, "failed_at": "2024-09-04T13:20:00Z"}', NOW() - INTERVAL '1 hour', NOW() - INTERVAL '1 hour');

-- 8. ??? ?????(ChatMessage) ?????? - ?????/?????? ??? ???? ???
INSERT INTO chat_messages (session_id, sender_type, message_content, message_type, metadata, created_at) VALUES
-- Session 1: ????? ??? - ???? ??? ???? ???? ?¡À¥ï? (?????C ???? - ??????? 15%)
(1, 'AI', '????????! ?? ?????? ??????????', 'BUTTON_GROUP',
 '{"language": "ko", "step": "main_menu", "user_type": "seller", "options": ["???? ??? ????"]}', NOW() - INTERVAL '3 hours'),

(1, 'USER', '???? ??? ????', 'BUTTON',
 '{"language": "ko", "selected": "existing_product", "user_type": "seller"}', NOW() - INTERVAL '3 hours'),

(1, 'AI', '??????? ??????????.', 'TEXT',
 '{"language": "ko", "step": "product_identification", "input_type": "text"}', NOW() - INTERVAL '3 hours'),

(1, 'USER', 'Premium Vitamin C Serum', 'TEXT',
 '{"language": "ko", "step": "product_name_input", "product_name": "Premium Vitamin C Serum"}', NOW() - INTERVAL '3 hours'),

(1, 'AI', 'Premium Vitamin C Serum?? ?©ø???? 20% L-Ascorbic Acid ???? ???????¢® ?????????.', 'TEXT',
 '{"language": "ko", "step": "product_confirmation", "product_id": "PROD-2024-001", "product_name": "Premium Vitamin C Serum"}', NOW() - INTERVAL '3 hours'),

(1, 'USER', '??, ?¨ú?', 'BUTTON',
 '{"language": "ko", "confirmed": true, "product_id": "PROD-2024-001"}', NOW() - INTERVAL '3 hours'),

(1, 'AI', '?? ?????? ??????????', 'BUTTON_GROUP',
 '{"language": "ko", "step": "query_type_selection", "options": ["HS???", "????", "???", "???"], "product_id": "PROD-2024-001"}', NOW() - INTERVAL '3 hours'),

(1, 'USER', '????', 'BUTTON',
 '{"language": "ko", "selected": "tariff", "product_id": "PROD-2024-001"}', NOW() - INTERVAL '3 hours'),

(1, 'AI', '???? ?????? ??????????.', 'TEXT',
 '{"language": "ko", "step": "quantity_input", "input_type": "number"}', NOW() - INTERVAL '3 hours'),

(1, 'USER', '50', 'TEXT',
 '{"language": "ko", "quantity": 50, "product_id": "PROD-2024-001"}', NOW() - INTERVAL '3 hours'),

(1, 'AI', '?????C ????(HS 3304.99.50.00)?? ???? ????????? 15%?? ???????. 50?? ????? ?? FOB ???? $2,600, ???? $390?? ?????? ?? ???????? $2,990????. ???????? FDA ???, ???? ?????? ??, 21 CFR 701 ??? ????? ???????. ??? ?????? ?? ??????????', 'BUTTON_GROUP',
 '{"language": "ko", "step": "additional_actions", "options": ["HS???", "????", "???", "???", "???????"], "product_id": "PROD-2024-001", "sources": ["US_RETALIATORY_TARIFF", "HTSUS_3304.99.50.00"], "confidence": 0.98, "product_inquiry_id": 1, "tariff_applied": 390.0, "tariff_rate": 0.15}', NOW() - INTERVAL '3 hours'),

-- Session 2: ????? ??? - ???? ??? ??? ???? ?¡À¥ï? (?£Î??? - ????? ???? ????)
(2, 'AI', '????????! ?? ?????? ??????????', 'BUTTON_GROUP', '{"language": "ko", "step": "main_menu", "user_type": "seller", "options": ["???? ??? ????"]}', NOW() - INTERVAL '2 hours'),
(2, 'USER', '???? ??? ????', 'BUTTON', '{"language": "ko", "selected": "existing_product", "user_type": "seller"}', NOW() - INTERVAL '2 hours'),
(2, 'AI', '??????? ??????????.', 'TEXT', '{"language": "ko", "step": "product_identification", "input_type": "text"}', NOW() - INTERVAL '2 hours'),
(2, 'USER', 'Premium Instant Ramyeon 4-Pack', 'TEXT', '{"language": "ko", "step": "product_name_input", "product_name": "Premium Instant Ramyeon 4-Pack"}', NOW() - INTERVAL '2 hours'),
(2, 'AI', 'Premium Instant Ramyeon 4-Pack?? ?©ø????', 'TEXT', '{"language": "ko", "step": "product_confirmation", "product_id": "PROD-2024-006", "product_name": "Premium Instant Ramyeon 4-Pack"}', NOW() - INTERVAL '2 hours'),
(2, 'USER', '??, ?¨ú?', 'BUTTON', '{"language": "ko", "confirmed": true, "product_id": "PROD-2024-006"}', NOW() - INTERVAL '2 hours'),
(2, 'AI', '?? ?????? ??????????', 'BUTTON_GROUP', '{"language": "ko", "step": "query_type_selection", "options": ["HS???", "????", "???", "???"], "product_id": "PROD-2024-006"}', NOW() - INTERVAL '2 hours'),
(2, 'USER', '???', 'BUTTON', '{"language": "ko", "selected": "precedents", "product_id": "PROD-2024-006"}', NOW() - INTERVAL '2 hours'),
(2, 'AI', '?? ??? ????? ?????? ????? ?????? ????, ????? ????? ????? ??? ?????? ??????? ???, ????? ?????? ????? ????? 100% ???? ?? ?????¬Ö???. ???? ??????? ??? ??? ??¥å???????. ??? ?????? ?? ??????????', 'BUTTON_GROUP', '{"language": "ko", "step": "additional_actions", "options": ["HS???", "????", "???", "???", "???????"], "product_id": "PROD-2024-006", "sources": ["USDA_BEEF_BAN", "CBP_Seizure_Records"], "confidence": 0.99, "product_inquiry_id": 2, "alert_level": "critical"}', NOW() - INTERVAL '2 hours'),

-- Session 3: ?????? ??? - ????? ??? ???? ?¡À¥ï? (??? ????? - FDA Prior Notice)
(3, 'AI', 'Hello! How can I help you? Please type the product name.', 'TEXT', '{"language": "en", "step": "greeting", "user_type": "buyer"}', NOW() - INTERVAL '1 hour'),
(3, 'USER', 'Premium Red Ginseng Extract', 'TEXT', '{"language": "en", "step": "product_name_input", "product_name": "Premium Red Ginseng Extract"}', NOW() - INTERVAL '1 hour'),
(3, 'AI', 'I found Premium Red Ginseng Extract in our catalog. This is a 6-year aged Korean red ginseng concentrated extract with 80mg ginsenosides per serving. Is this the product you are asking about?', 'TEXT', '{"language": "en", "step": "product_confirmation", "product_id": "PROD-2024-003", "product_name": "Premium Red Ginseng Extract"}', NOW() - INTERVAL '1 hour'),
(3, 'USER', 'Yes, that is correct', 'TEXT', '{"language": "en", "confirmed": true, "product_id": "PROD-2024-003"}', NOW() - INTERVAL '1 hour'),
(3, 'AI', 'What would you like to know about this product?', 'BUTTON_GROUP', '{"language": "en", "step": "query_type_selection", "options": ["Import Requirements", "Related Precedents"], "product_id": "PROD-2024-003"}', NOW() - INTERVAL '1 hour'),
(3, 'USER', 'Import Requirements', 'BUTTON', '{"language": "en", "selected": "requirements", "product_id": "PROD-2024-003"}', NOW() - INTERVAL '1 hour'),
(3, 'AI', E'For importing Premium Red Ginseng Extract to the US, you need:\n\n**Critical Requirement - FDA Prior Notice:**\nSince May 6, 2009, FDA requires Prior Notice for ALL food imports (including dietary supplements) unless specifically exempted. You must submit Prior Notice before the shipment arrives.\n\n**Exemptions:** Only personal use (not for sale/distribution) to yourself, friends, or family.\n\n**Other Requirements:**\n1) FDA facility registration for manufacturer\n2) DSHEA compliance for dietary supplements\n3) cGMP requirements (21 CFR 111)\n4) Nutritional supplement labeling\n5) Health claims substantiation\n6) Ginsenoside content verification\n\n**Important:** Commercial imports without Prior Notice will be refused entry.', 'TEXT', '{"language": "en", "sources": ["FDA_Prior_Notice_Rule", "21_CFR_1.276", "DSHEA_Requirements"], "confidence": 0.99, "product_inquiry_id": 3}', NOW() - INTERVAL '1 hour'),
(3, 'USER', 'Related Precedents', 'BUTTON', '{"language": "en", "selected": "precedents", "product_id": "PROD-2024-003"}', NOW() - INTERVAL '1 hour'),
(3, 'AI', E'Precedent information for Premium Red Ginseng Extract:\n\n? **2024 May:** Similar ginseng capsule approval - ginsenoside content verification and cGMP certification led to successful approval\n? **2024 March:** Ginseng tea approval - Prior Notice completion and appropriate health functionality expression resulted in approval\n\n**Key Insights:**\n? Ginsenoside content must be verified using HPLC analysis method\n? Health functionality expressions should use FDA-approved terms like "supports immune system"\n? Prior Notice must be submitted within required timeframe (air transport: minimum 4 hours, water transport: minimum 8 hours)\n\n**Risk Factors:**\n? Automatic entry refusal if Prior Notice is missing\n? Health functionality overstatement leads to labeling violations\n\nDo you have any other questions?', 'BUTTON_GROUP', '{"language": "en", "step": "additional_actions", "options": ["Import Requirements", "Related Precedents", "Start Over"], "product_id": "PROD-2024-003", "sources": ["FDA_Import_Procedures", "CBP_Entry_Requirements"], "confidence": 0.98, "additional_info": true}', NOW() - INTERVAL '1 hour'),

-- Session 4: ?????? - ?????? ???? ???? ???? (??? ????)
(4, 'AI', 'Hello! How can I help you? Please type the product name.', 'TEXT', '{"language": "en", "step": "greeting", "user_type": "buyer"}', NOW() - INTERVAL '1 hour'),
(4, 'USER', 'Premium Body Lotion', 'TEXT', '{"language": "en", "step": "product_name_input", "product_name": "Premium Body Lotion"}', NOW() - INTERVAL '1 hour'),
(4, 'AI', 'I could not find "Premium Body Lotion" in our current product catalog. Please try entering a different product name or check the spelling.', 'BUTTON_GROUP', '{"language": "en", "step": "product_not_found", "error_type": "product_not_in_catalog", "failed_at": "2024-09-04T13:20:00Z", "options": ["Start Over"]}', NOW() - INTERVAL '1 hour');

-- 9. ??? ????(ProductInquiry) ?????? - ??? ?¡À¥ïÄî ???? ??????? ????
INSERT INTO product_inquiries (user_id, product_id, inquiry_type, inquiry_data, ai_response, response_sources, from_cache, response_time_ms, created_at, updated_at) VALUES 
-- ????? ???? ???? (Session 1???? ???? - ?????C ????, ??????? 15%)
(2, 1, 'TARIFF', 
'{"product": "Premium Vitamin C Serum", "unit_price": 45.00, "fob_price": 52.00, "quantity": 50, "destination": "US", "origin": "KOR", "hs_code": "3304.99.50.00", "user_flow": "existing_product_inquiry"}', 
'?????C ????(HS 3304.99.50.00)?? ???? ????????? 15%?? ???????. 50?? ????? ?? FOB ???? $2,600, ???? $390?? ?????? ?? ???????? $2,990????. ???????? FDA ???, ???? ?????? ??, 21 CFR 701 ??? ????? ???????.', 
'["US_RETALIATORY_TARIFF", "HTSUS_3304.99.50.00", "FDA_Cosmetic_Regulations"]', 
false, 1650, NOW() - INTERVAL '3 hours', NOW() - INTERVAL '3 hours'),

-- ????? ??? ???? (Session 2???? ???? - ?£Î???, ????? ???? ????)
(2, 6, 'PRECEDENTS', 
'{"product": "Premium Instant Ramyeon 4-Pack", "ingredients": "beef bone extract soup", "processing": "8-hour simmering", "market": "US", "concern": "beef_import_ban", "user_flow": "existing_product_inquiry"}', 
'?? ??? ????? ?????? ????? ?????? ????, ????? ????? ????? ??? ?????? ??????? ???, ????? ?????? ????? ????? 100% ???? ?? ?????¬Ö???. ???? ??????? ??? ??? ??¥å???????. USDA ?????? ????? ????? ?? ????? ?????? ???? ???? ???????. ??????? ????? ?????? ?????? ???? ??? ????? ?????? ??? ?????? ???????.', 
'["USDA_BEEF_BAN", "CBP_Seizure_Records", "9_CFR_94", "USDA_Import_Ban"]', 
false, 2280, NOW() - INTERVAL '2 hours', NOW() - INTERVAL '2 hours'),

-- ?????? ??? ???? (Session 3???? ???? - ??? ?????, FDA Prior Notice)
(1, 3, 'REQUIREMENTS', 
'{"product": "Premium Red Ginseng Extract", "type": "dietary_supplement", "ginsenosides": "80mg per serving", "market": "US", "concern": "prior_notice_requirements", "user_flow": "buyer_precaution_inquiry"}', 
'For importing Premium Red Ginseng Extract to the US, you need: **Critical Requirement - FDA Prior Notice:** Since May 6, 2009, FDA requires Prior Notice for ALL food imports (including dietary supplements) unless specifically exempted. You must submit Prior Notice before the shipment arrives. **Exemptions:** Only personal use (not for sale/distribution) to yourself, friends, or family. **Other Requirements:** 1) FDA facility registration for manufacturer, 2) DSHEA compliance for dietary supplements, 3) cGMP requirements (21 CFR 111), 4) Nutritional supplement labeling, 5) Health claims substantiation, 6) Ginsenoside content verification. **Important:** Commercial imports without Prior Notice will be refused entry.', 
'["FDA_Prior_Notice_Rule", "21_CFR_1.276", "DSHEA_Requirements", "FDA_Import_Procedures"]', 
false, 2450, NOW() - INTERVAL '1 hour', NOW() - INTERVAL '1 hour');

-- 10. ???? ???(TariffCalculation) ?????? - ProductAnalysisCache ??? ???
INSERT INTO tariff_calculations (product_id, buyer_id, quantity, total_value, tariff_rate, tariff_amount, total_with_tariff, calculation_sources, calculated_at) VALUES 
-- PROD-2024-001 (Premium Vitamin C Serum) - APPROVED, ??????? 15%
(1, 1, 1, 52.00, 0.1500, 7.80, 59.80, '["US_RETALIATORY_TARIFF", "HTSUS_3304.99.50.00", "BrokerReview_Approved"]', NOW() - INTERVAL '6 days'),
(1, 1, 10, 520.00, 0.1500, 78.00, 598.00, '["US_RETALIATORY_TARIFF", "HTSUS_3304.99.50.00", "BrokerReview_Approved"]', NOW() - INTERVAL '6 days'),
-- ChatMessage Session 1???? ?????? ?????? ?????C ???? ???? (50??)
(1, 1, 50, 2600.00, 0.1500, 390.00, 2990.00, '["US_RETALIATORY_TARIFF", "HTSUS_3304.99.50.00", "BrokerReview_Approved"]', NOW() - INTERVAL '3 hours'),

-- PROD-2024-002 (Hydrating Snail Cream) - REJECTED (HS??? ???? ?? ????)
(2, 1, 1, 38.50, 0.0000, 0.00, 38.50, '["KORUS_FTA", "HTSUS_3304.99.50.00", "BrokerReview_Corrected_HSCode"]', NOW() - INTERVAL '7 days'),
(2, 1, 10, 385.00, 0.0000, 0.00, 385.00, '["KORUS_FTA", "HTSUS_3304.99.50.00", "BrokerReview_Corrected_HSCode"]', NOW() - INTERVAL '7 days'),

-- PROD-2024-003 (Premium Red Ginseng Extract) - APPROVED
(3, 1, 1, 95.00, 0.0000, 0.00, 95.00, '["KORUS_FTA", "HTSUS_2106.90.99.00", "BrokerReview_Approved"]', NOW() - INTERVAL '5 days'),
(3, 1, 10, 950.00, 0.0000, 0.00, 950.00, '["KORUS_FTA", "HTSUS_2106.90.99.00", "BrokerReview_Approved"]', NOW() - INTERVAL '5 days'),

-- PROD-2024-004 (Instant Cooked Rice Multipack) - APPROVED
(4, 1, 1, 28.00, 0.0000, 0.00, 28.00, '["KORUS_FTA", "HTSUS_1904.90.00.00", "BrokerReview_Approved"]', NOW() - INTERVAL '4 days'),
(4, 1, 10, 280.00, 0.0000, 0.00, 280.00, '["KORUS_FTA", "HTSUS_1904.90.00.00", "BrokerReview_Approved"]', NOW() - INTERVAL '4 days'),

-- PROD-2024-006 (Premium Instant Ramyeon 4-Pack) - APPROVED
(6, 1, 1, 15.50, 0.0000, 0.00, 15.50, '["KORUS_FTA", "HTSUS_1902.30.00.00", "BrokerReview_Approved"]', NOW() - INTERVAL '2 days'),
(6, 1, 10, 155.00, 0.0000, 0.00, 155.00, '["KORUS_FTA", "HTSUS_1902.30.00.00", "BrokerReview_Approved"]', NOW() - INTERVAL '2 days'),

-- PROD-2024-008 (Fermented Cabbage Kimchi) - APPROVED
(8, 1, 1, 26.00, 0.0000, 0.00, 26.00, '["KORUS_FTA", "HTSUS_2005.99.10.00", "BrokerReview_Approved"]', NOW() - INTERVAL '8 days'),
(8, 1, 10, 260.00, 0.0000, 0.00, 260.00, '["KORUS_FTA", "HTSUS_2005.99.10.00", "BrokerReview_Approved"]', NOW() - INTERVAL '8 days'),

-- PROD-2024-009 (Spicy Radish Kimchi) - tariff_1qty?? ?¬Þ? ???
(9, 1, 1, 21.50, 0.0000, 0.00, 21.50, '["KORUS_FTA", "HTSUS_2005.99.10.00", "ProductAnalysisCache", "Partial_Analysis"]', NOW() - INTERVAL '20 hours');
